Edge_Number,Betweenness_Centrality,Pagerank_Values,Clustering_Coefficient,Degree_Centrality,Average_Neighbor_Degree
27,0.8275693469526068,0.0046893362805071745,0.43698388391609877,1.6549450549450548,177.25531914893617
0,0.13004308466863532,0.0009021308560587239,0.9341719077568135,0.15384615384615385,286.52777777777777
57,0.5639202207484145,0.004658809097161969,0.4638676251770316,1.4703296703296704,180.80409356725147
70,0.7613206177082829,0.0021374080709735625,0.8209027441764014,0.3758241758241758,264.5056179775281
74,0.44262961707895626,0.004339118720974536,0.37138463711890285,1.8879120879120879,163.13953488372093
86,0.9626422036113665,0.004017355312852984,0.45874448599470957,1.6021978021978023,183.34540389972145
94,0.5717868035048651,0.005106744140501227,0.3709397854837483,1.8879120879120879,163.55269320843092
100,0.5160623517451711,0.004625797503467854,0.3740250004787791,1.8813186813186813,163.48717948717947
113,0.7993416275354601,0.004900661335047314,0.48922052320895687,1.334065934065934,190.63103448275862
138,0.07606138355037033,0.000975530872534099,0.8742784576310321,0.20659340659340658,256.9583333333333
154,0.7682770973519871,0.001027895945498401,0.8763856664088683,0.1956043956043956,270.5217391304348
166,0.8397686014426102,0.0035666190101212403,0.6460745362809857,0.8923076923076924,225.67605633802816
178,0.5076777847702958,0.00472433882686759,0.4133696323006507,1.7582417582417582,172.0575
230,0.8545626179987413,0.005764698625665773,0.371296994870214,1.8923076923076922,162.8287037037037
235,0.0009633538267899501,0.0007353721701661279,0.9489513256826276,0.15824175824175823,302.7631578947368
242,0.4801278017137048,0.0021977345776955743,0.7777301577583215,0.6901098901098901,254.56953642384107
246,0.8974584886479159,0.0061864370879562034,0.3554436534120507,1.9472527472527472,159.80812641083523
262,0.024398508980006776,0.0007756381439608225,0.9342270632593214,0.15384615384615385,303.2432432432432
269,0.7541947039744396,0.004362641293018228,0.40002523022581055,1.7956043956043957,169.8743842364532
275,0.9042068064094495,0.0029420583419757077,0.7845707555400454,0.4725274725274725,260.29347826086956
280,0.7984508883187297,0.0038703108622261512,0.49629928111619814,1.4,186.3846153846154
294,0.6058575785448032,0.005392278484662518,0.36520278403992207,1.8813186813186813,162.0163551401869
304,0.5504526310693711,0.003741152135648531,0.5191061876694394,1.410989010989011,193.03416149068323
308,0.5326814155007987,0.005412397245067099,0.39399902231957773,1.7692307692307692,169.5502512562814
309,0.8200319504284261,0.003655116636340416,0.5660299312832591,1.1406593406593406,204.8069498069498
324,0.7596892094689451,0.005341121969895439,0.38131325833151697,1.8615384615384616,165.28301886792454
347,0.9259040518952413,0.0024035538195724773,0.7083113617004015,0.6923076923076923,238.08227848101265
364,0.6339691145858546,0.004532788260107675,0.4739576553013716,1.567032967032967,186.0141242937853
367,0.7027738781042745,0.005717626667160882,0.4055947789600633,1.756043956043956,169.9502487562189
378,0.7368010843781768,0.002667198183961245,0.7037373806043713,0.756043956043956,234.4
401,0.8605799486856754,0.003015519859419969,0.7145736105218498,0.676923076923077,240.275
413,0.6345645543883429,0.00205974539127725,0.8018974826138157,0.6615384615384615,257.05333333333334
416,0.7032047247906278,0.00481460726058821,0.3888890574050201,1.786813186813187,166.4963325183374
419,0.5223168901582999,0.004532160610127738,0.5290427498528982,1.4461538461538461,194.54103343465044
451,0.8486517887398944,0.003438494561430279,0.5313102766100258,1.1714285714285715,194.43636363636364
6,0.6241322554097885,0.004594532591314983,0.5296434053607274,1.2813186813186812,200.41935483870967
1,0.16514982814542284,0.0014486228142582443,0.9556257037156185,0.49230769230769234,294.0450450450451
7,0.7190153458875925,0.003618789067007088,0.5345029379448717,1.4241758241758242,190.34513274336283
14,0.9092704652176017,0.006504644905028423,0.5425766322882853,1.3736263736263736,197.54019292604502
15,0.48245146923561016,0.002175252050808197,0.779340160265508,0.9428571428571428,241.6150234741784
16,0.5302851333688338,0.002902753293096085,0.6953920230869367,1.1120879120879121,226.7540322580645
19,0.6077165125623275,0.004086857860443517,0.43990557774448497,1.6923076923076923,178.8451443569554
23,0.6040906230333543,0.003916658884071046,0.514666824865151,1.457142857142857,194.2415902140673
32,0.8065353149053589,0.002624600494247801,0.7531528553869672,0.9692307692307692,234.18695652173912
45,0.8685046231301737,0.004616397860494032,0.543864404774813,1.402197802197802,197.76100628930817
46,0.6231059689209468,0.004670403455456444,0.4023892737652517,1.7648351648351648,169.00742574257427
49,0.09798615481434864,0.0015430443830302034,0.9382304096444827,0.5626373626373626,284.6692913385827
52,0.9669942392409352,0.004558221062752445,0.5577942735949099,1.3142857142857143,205.7781690140845
63,0.3513772571041293,0.002414938831318126,0.6566017684067336,1.0681318681318681,219.4331983805668
68,0.9604347194655564,0.004065638097538266,0.44903378738169264,1.6791208791208792,179.19895287958116
76,0.43500508302270413,0.0032110733654153226,0.525420689524996,1.432967032967033,192.51975683890578
78,0.4915137725710413,0.0039053580749332096,0.4568706154888434,1.6307692307692307,181.420054200542
95,0.48255312968969355,0.0031618660321121664,0.5547753658241625,1.3868131868131868,197.22049689440993
101,0.3232608800890739,0.00306253553700285,0.5594323901318531,1.312087912087912,200.54849498327758
102,0.7193590550418744,0.004035877931232812,0.4281291076383818,1.7274725274725276,175.11195928753182
110,0.6893643801132787,0.002486031576608576,0.83010639100581,0.8021978021978022,255.12290502793297
112,0.14220361136660695,0.001530107163827156,0.9323452827903597,0.567032967032967,279.5546875
115,0.7692356102047732,0.003374002224850097,0.6010329840094998,1.2967032967032968,203.4512987012987
127,0.45434477416856267,0.003385355515862395,0.5461750663129974,1.3516483516483517,199.16666666666666
129,0.4230043084668635,0.0023786591785532694,0.7422234296470223,1.0,235.05676855895197
134,0.21487631311419855,0.0017223217097653105,0.9350812560253409,0.5318681318681319,279.26666666666665
136,0.6542576366364912,0.005834928842374449,0.4040037249767189,1.7604395604395604,169.73815461346632
139,0.48715689596746864,0.0035516708290110437,0.5722412795624149,1.287912087912088,200.13621262458472
153,0.574502589921092,0.002882561758524278,0.5735104104092759,1.3076923076923077,195.16770186335404
157,0.5651498281454228,0.0034147902126693414,0.656719120228602,1.10989010989011,219.1451612903226
159,0.6931112939923512,0.0026948226449492246,0.6540652142958849,1.167032967032967,213.27573529411765
167,0.16347485114004937,0.0016351376816698712,0.9096636485695597,0.5318681318681319,278.808
170,0.9641961562666408,0.004995100897124851,0.4577132194181491,1.531868131868132,182.8533724340176
173,0.22912814058188505,0.001670586102032163,0.9426941084666407,0.5472527472527473,289.3739837398374
176,0.8491504090623033,0.00818388309618344,0.4964833732886724,1.523076923076923,188.29597701149424
184,0.6438253376579367,0.004094855367627496,0.45849910362405355,1.6087912087912088,183.64066852367688
185,0.07254199544948443,0.0016788317481055016,0.9498018272202069,0.5384615384615384,291.297520661157
193,0.961920898484775,0.00438811033535705,0.5125370756893332,1.4549450549450549,188.85588235294117
195,0.32131480853947814,0.0017737229458675702,0.9508065836881756,0.4879120879120879,297.74545454545455
201,0.6397395555985864,0.0029445831882274785,0.7326454226691756,0.9714285714285714,240.11214953271028
202,0.8092946700876216,0.0027351003440266933,0.8086221019945516,0.7142857142857143,255.18125
204,0.7819722128092171,0.0038096834426561963,0.4919417728099818,1.4703296703296704,190.58536585365854
217,0.5188701166674735,0.0031448728248257233,0.5758684288007822,1.3208791208791208,201.91447368421052
221,0.08706007648738925,0.001810752432457226,0.8786146988227226,0.7142857142857143,269.6503067484663
227,0.6050442949121363,0.002522857855230326,0.7549308954794126,0.9714285714285714,236.30941704035874
241,0.5263784673476303,0.003545536784453398,0.553838364858658,1.3626373626373627,201.5830618892508
247,0.23394006874183085,0.002681075080622765,0.6026065117832574,1.2285714285714286,205.9290780141844
251,0.3780558648400058,0.00321267026075358,0.5724627038507815,1.30989010989011,206.14237288135593
252,0.9668828968388439,0.003999644733028859,0.6100276338514681,1.1846153846153846,212.62977099236642
256,0.7915767052330929,0.0022925399472331176,0.8544993500136416,0.778021978021978,262.02285714285716
257,0.021038873021251875,0.0015607249259148958,0.9375081945719156,0.545054945054945,281.4471544715447
264,0.7487824950380015,0.004023583589670983,0.4498024744342467,1.6593406593406594,177.2109375
266,0.9617369414726242,0.005383153438456302,0.4180489878844725,1.7274725274725276,172.41518987341772
268,0.5111536041051459,0.0036484554762390474,0.504716285614381,1.5164835164835164,190.96783625730995
271,0.5509657743137919,0.002809695968850963,0.6874901288328332,0.9274725274725275,223.05333333333334
274,0.29270949315002176,0.002575143862115052,0.6528710930136108,1.134065934065934,218.6225680933852
290,0.7635765115941326,0.0038891459686030082,0.4942098847517731,1.5076923076923077,191.63988095238096
293,0.630251246550806,0.004949615099552859,0.46954713644847573,1.5384615384615385,187.01754385964912
298,0.6713123880524761,0.0034660910341419732,0.5625024630541872,1.312087912087912,201.6778523489933
302,0.5946555646996176,0.0045694003461235234,0.5419200008570955,1.3450549450549452,197.4630225080386
307,0.8629132981555888,0.00467725845669898,0.45298556729193223,1.597802197802198,174.51968503937007
321,0.7365590356779783,0.002268212939465912,0.7772045985351806,0.9252747252747253,240.46190476190475
323,0.6158493488889965,0.00448435682421215,0.41343399028495403,1.7692307692307692,172.0870646766169
326,0.6618821706927434,0.003719176217060676,0.4522103963093465,1.632967032967033,177.80789473684212
331,0.6607300188797985,0.005736525079205345,0.4302819847711489,1.701098901098901,175.76943005181346
336,0.8902454373820012,0.004195671152160818,0.5572652231393941,1.3208791208791208,203.659793814433
342,0.8862274289587064,0.004599695856147189,0.4750199926048859,1.501098901098901,186.8268656716418
349,0.04892772425812073,0.0015365242674970883,0.9144141167140308,0.5428571428571428,281.3688524590164
350,0.7990753739652418,0.004166025645978386,0.5368899698619997,1.353846153846154,197.80398671096344
354,0.9279033741588807,0.0023906448913619187,0.7967471230941797,0.8373626373626374,244.3230769230769
355,0.514948927724258,0.0033741678939214963,0.5985931038064755,1.221978021978022,214.47169811320754
360,0.65508544319117,0.004703983026902114,0.517334479015919,1.4637362637362636,193.22424242424242
361,0.416396378951445,0.0025580710331718983,0.7972743198680956,0.8681318681318682,254.54301075268816
366,0.919262235561795,0.004646588708523325,0.49570289867795003,1.4857142857142858,193.0121951219512
368,0.6761920898484775,0.006595916928486906,0.3632800114148012,1.9142857142857144,163.23023255813953
369,0.6143922157138015,0.00483065914030338,0.48164829453990815,1.5142857142857142,182.81303116147308
383,0.6300285617466234,0.005762596900681118,0.3980647885410915,1.810989010989011,170.5886699507389
393,0.181367091058721,0.002122476039295863,0.7683248317544686,0.9516483516483516,236.73303167420815
394,0.7343128237401365,0.003484525318084161,0.6368247829843255,1.0857142857142856,215.32539682539684
396,0.36565328944183567,0.0028780661506067544,0.607234045397428,1.2043956043956043,207.58510638297872
398,0.005426731858449919,0.0014385789574035079,0.9350865702243991,0.5846153846153846,280.5378787878788
402,0.6668586919688241,0.004834421525902437,0.41172162725531963,1.7230769230769232,175.13054830287206
406,0.7799147988575301,0.0028622648756523325,0.6653745094988678,1.0593406593406594,218.628
408,0.7316841748559809,0.004373297824475405,0.43180319126541955,1.6615384615384616,171.3477157360406
417,0.44608607251779053,0.0022095244672219014,0.8028849985389049,0.8549450549450549,243.38536585365853
420,0.4271094544222297,0.00305946081989135,0.5465493768981046,1.3604395604395605,193.05864197530863
428,0.7577479788933533,0.0051241754508368435,0.4563431328133609,1.5406593406593407,180.8281690140845
434,0.709706152877959,0.005018072381580718,0.37090796617565025,1.8725274725274725,162.9344262295082
435,0.1063852447112359,0.0015632859807812906,0.9312869768461033,0.5164835164835165,279.97435897435895
437,0.22054993464685094,0.0016799566583622387,0.9518843208383716,0.5384615384615384,288.05785123966945
438,0.16972454857917413,0.002011388979665977,0.8355574520909302,0.7912087912087912,256.54696132596683
441,0.43213922641235414,0.0027180404610183057,0.6566813076161873,1.0571428571428572,219.19421487603304
444,0.7451275596650045,0.0032433982245318803,0.5903533887795979,1.221978021978022,210.47426470588235
8,0.8809701311903955,0.0020555754790436446,0.8702518598189477,0.7362637362637363,264.2256097560976
2,0.26153362056445756,0.0015744226997061973,0.9406558243306716,0.5758241758241758,286.80916030534354
26,0.9586968097981313,0.0039465860866505584,0.7516999074990669,0.7736263736263737,255.0700636942675
33,0.007130754707847219,0.0013928596285086576,0.9565727288639944,0.5274725274725275,292.98319327731093
38,0.8288376821416469,0.0031009174432746547,0.6441673276608019,1.0373626373626375,215.30434782608697
40,0.8516338287263396,0.0030811347925416743,0.6218880735203347,1.189010989010989,213.2074074074074
50,0.7507624534056252,0.0023410040528987356,0.854673227130312,0.6637362637362637,267.2068965517241
53,0.8231156508689548,0.004528859921985835,0.5320641282565131,1.2065934065934065,194.62264150943398
65,0.3160139420051314,0.0018549513718730893,0.8635987223470957,0.7582417582417582,259.6860465116279
66,0.41054364138064575,0.0027672968129448783,0.7026146020113823,0.9978021978021978,230.78280542986425
67,0.2730696616159171,0.0023160668619581007,0.7267783954875624,0.978021978021978,229.82805429864254
71,0.40271094544222297,0.002273578172062942,0.7615829694323144,0.9428571428571428,234.25
81,0.10554291523454518,0.001648378176496788,0.9343219786807058,0.610989010989011,281.978102189781
82,0.5885123686885801,0.003906819913420374,0.5578883921844392,1.389010989010989,203.25324675324674
84,0.37995836762356583,0.0023143213337179173,0.7375872602438021,1.0065934065934066,231.29694323144105
90,0.5886914847267269,0.00240946556932017,0.8457375330409487,0.810989010989011,257.2513966480447
123,0.8354552936050733,0.002450613543681123,0.7523770536542765,0.9428571428571428,238.37019230769232
133,0.7516047828823159,0.0037995014555255065,0.6151154358567887,1.0725274725274725,212.81854838709677
140,0.5459892530377112,0.0018454406496439895,0.8074301369863014,0.6659340659340659,241.03636363636363
142,0.7512852785980538,0.002847936007867411,0.7497258373521833,0.8571428571428571,250.17297297297299
143,0.1464152587500605,0.00198229801047009,0.8036178256104619,0.8879120879120879,243.0148514851485
150,0.7279614658469283,0.0020337828328869114,0.821582556563873,0.6879120879120879,244.85474860335196
162,0.7486033789998547,0.0027156359777440768,0.6772770106936534,1.0879120879120878,219.04048582995952
163,0.3707459940940117,0.0019275952039218497,0.8486026313526529,0.7516483516483516,260.5357142857143
168,0.9279663068209323,0.0024566359201453536,0.9186498658725666,0.6285714285714286,289.8968253968254
180,0.918933049329525,0.002704647461835618,0.7136191582655623,1.0175824175824175,228.54782608695652
190,0.7276758483806941,0.0029817979254533533,0.7202484054367982,0.9758241758241758,239.49756097560976
200,0.9699423924093526,0.007168021529069031,0.6316227604903347,1.1472527472527472,224.1596638655462
222,0.22441303190201867,0.001948605881903453,0.8561190283534521,0.7670329670329671,259.9080459770115
223,0.016711042261703054,0.0013679121709180091,0.9592451943781075,0.4989010989010989,297.3805309734513
229,0.9016072033693179,0.0017714021279454178,0.9344619036852815,0.5868131868131868,286.7651515151515
237,0.2645979571089703,0.0022595304589757355,0.7408597311065998,1.0065934065934066,232.0353982300885
245,0.33237643413854867,0.0014582242604470356,0.9607637676097334,0.5010989010989011,298.5217391304348
259,0.6492617514643946,0.002623014079481189,0.7888459590307799,0.9076923076923077,239.19815668202764
272,0.7992448080553807,0.0028100690094053533,0.7648414829278876,0.8461538461538461,248.59459459459458
276,0.31967371835213243,0.001896044605657195,0.8679498412003066,0.7296703296703296,260.7951807228916
279,0.16032821803746913,0.0018934953935295464,0.8434208726576392,0.7538461538461538,257.5906432748538
305,0.4679430701457133,0.0032557488529791714,0.5198798544892772,1.3626373626373627,189.1795665634675
306,0.8249116522244275,0.004480976257423838,0.5473832688913172,1.3582417582417583,196.86581469648561
313,0.927680689354698,0.004070584804901399,0.5620211102423769,1.2197802197802199,201.59272727272727
319,0.5026480127801713,0.002274125196597697,0.7668229583902738,0.9076923076923077,237.25345622119815
348,0.7490874764002516,0.004061022642353019,0.5881696228143164,1.2725274725274724,205.08813559322033
372,0.7381420341772764,0.0032315876351264408,0.6468540498104476,0.9692307692307692,216.44247787610618
376,0.9065643607493827,0.0026040528470932614,0.7952939235912857,0.8747252747252747,245.751269035533
381,0.2690903809846541,0.0023305574897562907,0.7354713103672057,0.9472527472527472,229.83410138248848
388,0.7328169627729099,0.0021961225457506656,0.7931637419517737,0.8769230769230769,241.5820895522388
390,0.6239918671636733,0.002943952654511571,0.6925784245699886,1.0307692307692307,228.18565400843883
407,0.48281938325991186,0.00283166488417451,0.7408114291398304,0.8835164835164835,238.7536945812808
411,0.5104322989785545,0.0015963542269854872,0.9434622790127779,0.5274725274725275,287.09090909090907
423,0.2571961078569008,0.0015503981238224858,0.9388915331323708,0.6065934065934065,283.8840579710145
430,0.9680544125478046,0.001700559248417759,0.9550622841398579,0.5010989010989011,296.9099099099099
432,0.01722418550612383,0.0015283323145400315,0.9358743810268438,0.610989010989011,280.8776978417266
440,0.6392360943021735,0.003752966900536415,0.6087266048253327,1.167032967032967,208.9320754716981
449,0.5941811492472285,0.002445196689833021,0.8147773139920926,0.8395604395604396,246.54358974358973
4,0.08586919688241273,0.0013758232384947252,0.8837053130555007,0.4967032967032967,273.3478260869565
3,0.9035532749189136,0.0025828756359487426,0.7167031371641382,0.9604395604395605,232.60280373831776
5,0.44536960836520306,0.0014766504717588376,0.9414330396855003,0.5824175824175825,282.203007518797
9,0.24680253667037808,0.0024316051742027966,0.7003202882594335,0.9846153846153847,227.03587443946188
10,0.2000919785060754,0.001471811810973923,0.9040897575099529,0.49230769230769234,279.70175438596493
11,0.2931016120443433,0.0015327649700914822,0.9380642764257848,0.512087912087912,283.36206896551727
13,0.3693759984508883,0.002169645328980967,0.7887244614529967,0.7934065934065934,250.39444444444445
18,0.703814687515128,0.0011746571816579835,0.9177978248039794,0.34065934065934067,298.1818181818182
21,0.030904778041341917,0.00152116648836704,0.9150618191846303,0.6505494505494506,271.1689189189189
28,0.8828871568959674,0.002755799428165434,0.8525826603687338,0.7142857142857143,268.2435897435897
39,0.7318051992060802,0.0024909227504276393,0.8347419729898936,0.6593406593406593,271.3893129770992
41,0.4802923948298397,0.002204383237446141,0.7722913505311078,0.8,244.703125
43,0.119107324393668,0.0018123629113784411,0.8664572578812376,0.7736263736263737,257.5056818181818
47,0.5565522583143728,0.0027526609590380674,0.6605514490444223,0.9714285714285714,220.4204081632653
51,0.029132981555889042,0.0014925636939888288,0.9402899107228568,0.5516483516483517,284.3095238095238
55,0.9606816091397589,0.003208911736122868,0.7047938386184955,0.9208791208791208,238.6497461928934
64,0.2800116183376095,0.0014449455591851053,0.9049235244853882,0.4703296703296703,281.9816513761468
72,0.0010553323328653724,0.0012814222928081464,0.8856238547392971,0.5406593406593406,269.104
85,0.014251827467686497,0.0015181964683919666,0.9395584244113548,0.6307692307692307,277.96527777777777
87,0.0928014716560972,0.0014501951581830487,0.9300667998071758,0.5318681318681319,276.6198347107438
91,0.25007019412305753,0.0014502181905618637,0.8689970597843842,0.45714285714285713,267.0188679245283
96,0.44336060415355566,0.0019180892767090094,0.8756044434763668,0.6681318681318681,266.67973856209153
104,0.28589824272643655,0.001509101868828046,0.8944542867879959,0.42637362637362636,280.4141414141414
106,0.32455826112213776,0.0016010821724588304,0.8700026228034021,0.5098901098901099,265.8050847457627
107,0.008181246066708621,0.0014366259629019478,0.9447007442947654,0.5626373626373626,283.875
109,0.14750931887495763,0.001471748069180487,0.9636540158870256,0.5252747252747253,303.635593220339
125,0.9018492520695163,0.002566685919113138,0.756305120522121,0.8945054945054945,246.93333333333334
126,0.08907392167304061,0.0016626944826243946,0.8598574085554866,0.5604395604395604,267.15625
128,0.7903228929660647,0.0017217208549845896,0.9126482785225191,0.6351648351648351,271.9225352112676
130,0.5741927675848381,0.0016442311734932435,0.9259614003160768,0.6373626373626373,274.00689655172414
144,0.07142373045456746,0.0015694988023112616,0.8472348968789926,0.6923076923076923,250.23076923076923
145,0.7715108679866388,0.0015894681550015066,0.8780664290000353,0.5252747252747253,265.23770491803276
147,0.20443917316164012,0.0014543419128358113,0.8792158004561557,0.44835164835164837,281.5576923076923
152,0.3890593987510287,0.0017423385318299125,0.8027047369315561,0.6329670329670329,252.625
160,0.6299946749285956,0.0012189813732122801,0.9442202254035943,0.35824175824175825,304.1585365853659
161,0.01809556082683836,0.0009855995953218794,0.9360109539023277,0.3274725274725275,303.3378378378378
171,0.7174081425182747,0.0016449048520390894,0.8668088937602756,0.4989010989010989,269.6
175,0.006312630101176356,0.0009686004197879797,0.9186499350930333,0.3362637362637363,295.69736842105266
179,0.4671007406690226,0.001475346070758722,0.9067477364351332,0.5428571428571428,275.6422764227642
189,0.3146584692840199,0.0018067542091557286,0.9032258064516129,0.5956043956043956,275.7080291970803
192,0.9048797017960013,0.0028391923253186383,0.7620933284502228,0.7978021978021979,244.13812154696132
194,0.868456213390134,0.002403542185109537,0.9042331288343558,0.4879120879120879,298.25
206,0.015708960642881346,0.0011779773182411671,0.8888538247917193,0.3934065934065934,270.9130434782609
210,0.925003630730503,0.0027514444473955976,0.8837050029232439,0.7626373626373626,267.4823529411765
215,0.09977247422181343,0.0013206257002533928,0.949543937708565,0.46813186813186813,291.2358490566038
219,0.9713753207145277,0.005649699077920976,0.6845654663443186,0.9956043956043956,224.64853556485355
228,0.14590211550563972,0.0014598069403513251,0.8891544450479811,0.5186813186813187,275.0833333333333
231,0.08580142324635716,0.0011845373130668377,0.9364718235911795,0.37362637362637363,283.22093023255815
232,0.13592970905746235,0.001123538831938613,0.9447985308415253,0.3010989010989011,314.94202898550725
238,0.04312339642736118,0.0013570014480197316,0.9031854937515315,0.4461538461538462,267.93203883495147
240,0.4787190782785496,0.002221448843137577,0.7407809536267905,0.8615384615384616,240.2295918367347
244,0.7298591276564844,0.0019493164466296451,0.8318908326358978,0.6901098901098901,256.5379746835443
250,0.2573026092849881,0.0015480149608107898,0.9384092520599525,0.6307692307692307,277.8333333333333
260,0.023701408723435152,0.001320742265892467,0.9013561741613133,0.45274725274725275,275.5904761904762
263,0.8284794500653531,0.0019379182848996666,0.9036589342276877,0.6461538461538462,269.81456953642385
265,0.04027690371302706,0.0014674454204478041,0.9299326980742321,0.5406593406593406,278.650406504065
270,0.3708379726000871,0.0017024656912801865,0.8854618103580759,0.5626373626373626,266.4154929577465
284,0.8294912136321827,0.001295171562623393,0.9269312846777635,0.3384615384615385,301.37333333333333
285,0.59267076535799,0.0014690866360238851,0.8830544335449125,0.5032967032967033,277.2368421052632
286,0.7254054315728324,0.002515278669661247,0.777618177069731,0.8835164835164835,241.55
289,0.5890690806990366,0.0018503131750328052,0.9384291165916728,0.5846153846153846,276.9548872180451
291,0.001098901098901099,0.0009567620428494258,0.9342753861321065,0.34505494505494505,300.75949367088606
292,0.7261315776734278,0.0010744099673109225,0.9428013145039524,0.33186813186813185,307.0779220779221
295,0.20467638088783463,0.0018271582549057573,0.9085620115358686,0.6241758241758242,277.3706293706294
296,0.04053347533523745,0.0015823662865878806,0.8061007957559682,0.7032967032967032,242.09883720930233
301,0.0114489035193881,0.0012975985111942322,0.902035298918588,0.43736263736263736,277.2772277227723
312,0.2786028949024544,0.001345612514029212,0.8670329147640792,0.45274725274725275,277.311320754717
314,0.9037081860870406,0.0026305902886251645,0.8303938859494415,0.6681318681318681,277.8985507246377
317,0.3060802633489858,0.0014839277738813808,0.9289774501842714,0.5582417582417583,284.92907801418437
325,0.45514837585322165,0.0021006431418673405,0.8203890848499275,0.6703296703296703,260.16339869281046
330,0.510015975214213,0.0025676162558273437,0.7456060273402744,0.9164835164835164,229.67741935483872
337,0.3429588033112262,0.0015975516333355771,0.8906463195691203,0.5208791208791209,270.1
339,0.6701747591615432,0.0024585575067145628,0.7752141375890361,0.734065934065934,250.35119047619048
344,0.8226944861306095,0.0024608219011833386,0.7525818639798488,0.832967032967033,246.73821989528795
351,0.05251004502105823,0.0013189513775887169,0.8699500102019996,0.43736263736263736,275.8217821782178
356,0.032095657646318436,0.0013729688631229629,0.8765080113100848,0.45494505494505494,277.0
363,0.15266979716318924,0.0013489765041666455,0.8994412188414022,0.4725274725274725,279.287037037037
373,0.4745897274531635,0.0015967113289279927,0.8785768389160074,0.48131868131868133,267.1261261261261
379,0.42819867357312286,0.001672103625667228,0.9319006577455206,0.5076923076923077,283.8965517241379
382,0.01290119572057898,0.0014419335760103933,0.9002153484729836,0.4989010989010989,278.4086956521739
395,0.12877474947959527,0.0014678931203442641,0.894431296115829,0.5912087912087912,282.021897810219
409,0.9689596746865469,0.0019425272848868189,0.8467761934283943,0.5604395604395604,265.74418604651163
415,0.3000435687660357,0.0018503635765075121,0.8466862621597032,0.832967032967033,252.41145833333334
418,0.3398508980006777,0.00195558266958147,0.8155409719232083,0.8087912087912088,246.60752688172042
421,0.12530861209275304,0.0017276424262745302,0.9150424897914138,0.6637362637362637,269.83660130718954
427,0.05502735150312242,0.0015048999823477982,0.9379159506327136,0.5582417582417583,282.81889763779526
445,0.49626276806893543,0.0022458717208207776,0.7490403866508538,0.8725274725274725,232.2766990291262
448,0.4886091881686595,0.0016993540541128324,0.8738417490890161,0.432967032967033,266.68
452,0.39214794016556126,0.0016216279582721422,0.8723877612238776,0.44175824175824174,274.94117647058823
60,0.6230672411289151,0.002288760329945436,0.7859004384651957,0.7428571428571429,251.84023668639054
80,0.694413515999419,0.0018288805928505063,0.858729706636286,0.5230769230769231,270.14166666666665
118,0.14045117877716995,0.0012559726213862317,0.8626089639743887,0.35604395604395606,246.14457831325302
121,0.5686062835842571,0.0027276717911518212,0.7244857247729848,0.7802197802197802,231.35227272727272
151,0.05533233286537251,0.0011200082368217899,0.8796282527881041,0.3626373626373626,266.88235294117646
156,0.5830081812460667,0.002873057371527112,0.7167181800462228,0.8351648351648352,235.0855614973262
261,0.9096964709299511,0.0029582380012862096,0.7169091703350247,0.7604395604395604,230.09467455621302
278,0.5003630730502977,0.0024297978722152462,0.7697606320257842,0.7032967032967032,240.11801242236024
316,0.7035823207629375,0.002108504947256436,0.776873744750776,0.6527472527472528,244.93288590604027
329,0.2644188410708234,0.0011850113424224577,0.8464889800102512,0.3384615384615385,236.46835443037975
404,0.2765648448467832,0.0015130312340088737,0.8839204895180853,0.5186813186813187,275.6386554621849
69,0.12635910345161447,0.0019512110893965657,0.818535723154681,0.8153846153846154,245.86243386243387
158,0.9692743379968048,0.0023858785779551097,0.7803730638070586,0.6879120879120879,249.22784810126583
169,0.47296316018782975,0.0025353428482356214,0.6814213310643336,1.024175824175824,223.83690987124464
213,0.13669458295008954,0.0014578671942509242,0.9185229185229186,0.44395604395604393,276.1287128712871
249,0.06752674638137193,0.001407807614396695,0.9021624073794042,0.5076923076923077,270.67826086956524
352,0.1357457520453115,0.002075700354026093,0.7851161020175105,0.8747252747252747,238.75980392156862
12,0.8479982572493585,0.0016198643548030376,0.8591377440347071,0.42417582417582417,288.5578947368421
22,0.584717045069468,0.0011357155659098988,0.9399818813226635,0.2549450549450549,330.62068965517244
24,0.0857481725323135,0.000867017562473886,0.9568552253116012,0.1758241758241758,320.975
25,0.19456358619354214,0.0011473551002215052,0.9556004036326943,0.17142857142857143,323.64102564102564
29,0.25249068112504236,0.0011344367402865818,0.9261272141706924,0.2703296703296703,315.3809523809524
31,0.9202352713365929,0.0013890679339448042,0.9523116126683655,0.16483516483516483,325.81081081081084
34,0.745689112649465,0.0011040199219516855,0.9301699478377924,0.24175824175824176,315.2
36,0.2526552742411773,0.0017592133184504903,0.9229714912280702,0.5494505494505495,293.15833333333336
44,0.22029336302464053,0.0010242823378981002,0.9312030731622141,0.23736263736263735,318.22222222222223
61,0.9604637653095802,0.001287947957500318,0.8132881611142481,0.22857142857142856,247.44230769230768
73,0.010504913588614028,0.0011095545147132599,0.9380196523053665,0.1978021978021978,293.9111111111111
77,0.017548530764389794,0.0009558779709222645,0.8892905558065973,0.2945054945054945,291.02985074626866
92,0.07247906278743282,0.001130697838965656,0.8228539156626506,0.22857142857142856,258.75471698113205
93,0.7981071791644478,0.001646622042657361,0.9745079910183595,0.2725274725274725,327.03333333333336
98,0.07360216875635377,0.0010593166840047346,0.889794255449175,0.21978021978021978,273.5
99,0.30271578641622693,0.0015965015557386727,0.9528183247249046,0.46593406593406594,302.87619047619046
103,0.5932904100304981,0.0018033296289044504,0.9507379919946631,0.4835164835164835,299.8348623853211
108,0.0030159268044730597,0.00079208865087498,0.9299724428594586,0.24615384615384617,313.49122807017545
119,0.9375853221668199,0.002087690151016021,0.8178765648381328,0.7296703296703296,259.6190476190476
122,0.7959577867066854,0.002288798958266441,0.8332001009761023,0.48131868131868133,264.55555555555554
131,0.020041632376434138,0.0009224695750656166,0.9016372141372141,0.27472527472527475,294.9032258064516
132,0.700469574478385,0.001628808934636137,0.8482756628733176,0.41098901098901097,275.21276595744683
146,0.5138790724693808,0.0010299978717852585,0.9569458459468551,0.17142857142857143,323.71794871794873
155,0.5735005083022704,0.0012499412743199238,0.9749406880189798,0.1824175824175824,346.575
165,0.004802246211937842,0.0008616662794382862,0.9060346276685157,0.24175824175824176,295.375
172,0.8575543399331945,0.0028003396639535933,0.7920740888558315,0.7318681318681318,250.88888888888889
182,0.7479353245873069,0.002426732043477094,0.8493378954852471,0.6615384615384615,271.5753424657534
183,0.8387181100837487,0.001176188533298454,0.9391912435390696,0.18021978021978022,310.0487804878049
197,0.0038630972551677396,0.000930938369477243,0.9126714483452876,0.27912087912087913,299.26153846153846
203,0.8399235126107372,0.0010284976960322,0.8495115360631885,0.2175824175824176,265.27450980392155
207,0.7194123057559181,0.0023644432491905587,0.7058978491291142,0.5604395604395604,238.8372093023256
211,0.20983201820206224,0.0016901924002872951,0.915524208543025,0.6263736263736264,282.45
233,0.03490342256862081,0.0013859871042869454,0.9606586363134048,0.5142857142857142,297.4491525423729
248,0.6248680834583917,0.0018793326432504582,0.9167415618134611,0.6241758241758242,279.3065693430657
253,0.0,0.0009168439281919019,0.968111302634819,0.2,341.3181818181818
267,0.47890787626470444,0.0018258916837307492,0.917965803369374,0.621978021978022,284.1470588235294
277,0.42666408481386453,0.001128656904496963,0.955689471818504,0.16703296703296702,327.7631578947368
282,0.55828048603379,0.000972188042638241,0.8922018348623854,0.2923076923076923,294.6060606060606
288,0.415442707072663,0.0016650028073804746,0.9665348183616114,0.432967032967033,314.7878787878788
299,0.05448032144067386,0.0011930414567275535,0.9400086505190312,0.3362637362637363,284.9736842105263
315,0.02541511352084039,0.0009361689683355314,0.8740246664988673,0.27912087912087913,291.265625
320,0.08490584305562278,0.0009073653755938394,0.8848966212808875,0.1978021978021978,271.7708333333333
333,0.3153604105145955,0.0011250264312867913,0.9415698137239293,0.24835164835164836,331.64912280701753
334,0.55954882122283,0.0010730917016334946,0.8818181818181818,0.22197802197802197,260.50943396226415
335,0.10228493972987364,0.001002693462073909,0.93008,0.1758241758241758,291.8333333333333
353,0.8996562908457181,0.0011520145992137362,0.9446438431805633,0.189010989010989,295.9318181818182
357,0.003422568620806506,0.0010911049673104425,0.9263301500682128,0.2681318681318681,316.0967741935484
358,0.05062690613351406,0.0009012037656591321,0.8578270733551803,0.1978021978021978,254.32608695652175
362,0.018995981991576705,0.0009617263177557394,0.9650138434432419,0.1978021978021978,333.0
365,0.1286924529215278,0.0016349668909323898,0.9366365922200858,0.5736263736263736,285.32824427480915
371,0.7137290022752577,0.001280948582690066,0.9158863920099876,0.17802197802197803,285.6744186046512
377,0.6040906230333543,0.0012689576247223145,0.9385715974932008,0.2879120879120879,283.5230769230769
380,0.03570218327927579,0.0011864112777761945,0.9465190855487742,0.3076923076923077,285.9855072463768
384,0.6757612431621242,0.0012795355267399768,0.8489156626506024,0.2021978021978022,290.4375
385,0.1413709638379242,0.001034663398088794,0.9465652803641631,0.3076923076923077,319.35714285714283
389,0.135508544319117,0.001558293000355474,0.92673256571801,0.5186813186813187,283.7826086956522
392,0.2614464830323861,0.0010588025013038246,0.9277025158971524,0.189010989010989,275.4888888888889
400,0.5283196979232221,0.0016682612382822358,0.8454272363150868,0.3824175824175824,271.35632183908046
403,0.7859079246744445,0.0021896770557863743,0.8367803657036188,0.676923076923077,269.4583333333333
405,0.09570121508447499,0.0012707450090808912,0.9405444126074498,0.34065934065934067,285.4805194805195
410,0.07962434041729195,0.0009580886605361447,0.9277025158971524,0.189010989010989,275.4888888888889
412,0.47683109841700144,0.001880571300749743,0.9534526583350985,0.5252747252747253,293.4117647058824
414,0.31100837488502686,0.0013222502536106074,0.9405444126074498,0.34065934065934067,285.4805194805195
425,0.06644236820448274,0.001106541744853632,0.8664697494398045,0.21978021978021978,265.1372549019608
429,0.7642687708767003,0.0022321290050016647,0.6622414364781799,0.6175824175824176,226.69014084507043
431,0.7657355859999031,0.00169773963324687,0.855259916235526,0.2,289.89130434782606
442,0.5094786270997724,0.001120162007854588,0.8423156266116555,0.1956043956043956,271.875
443,0.042169724548579174,0.00135455859990818,0.9598722262125279,0.5076923076923077,298.65811965811963
450,0.039144115796098174,0.0010843655794540376,0.9363729377158204,0.27692307692307694,282.2903225806452
17,0.9648109599651449,0.0016814088226184787,0.860061861467804,0.5582417582417583,267.18897637795277
20,0.47657936776879506,0.001123878028891959,0.9564077497333807,0.33186813186813185,306.4
56,0.6998692937018928,0.0016674830282302588,0.9051173344479608,0.4043956043956044,289.6043956043956
75,0.40974488066999076,0.001134677090230804,0.9776192020759001,0.24615384615384617,336.52830188679246
79,0.3843249261751464,0.0006531319119440773,0.638095238095238,0.09230769230769231,140.52380952380952
114,0.7437672459698891,0.0012600219780593335,0.9588089049610126,0.2945054945054945,306.56716417910445
116,0.01735005083022704,0.001095075142765774,0.9450242419262059,0.34505494505494505,302.9102564102564
149,0.017190298688096045,0.0011753796743433935,0.9638659884230837,0.33406593406593404,325.2133333333333
174,0.9647625502251053,0.0016977644398594042,0.9209826318260054,0.25054945054945055,322.25454545454545
181,0.5235416565813041,0.0016962723222867008,0.9673500379650721,0.42417582417582417,316.69072164948454
186,0.7265091736457374,0.001120940185119303,0.970473401659346,0.2835164835164835,317.73846153846154
224,0.6626615675073825,0.001495357175778218,0.9774071807425541,0.3098901098901099,326.6119402985075
234,0.41240741637217404,0.001804296119713918,0.9667129406084017,0.4021978021978022,320.93333333333334
236,0.2212857626954543,0.0015159632286732357,0.9042920572274297,0.421978021978022,289.11578947368423
239,0.9631843926998112,0.003771468627910087,0.8095090344953458,0.5164835164835165,276.51
243,0.9211308515273272,0.0019438920683204435,0.8275987989937515,0.4901098901098901,264.9537037037037
273,0.38126058963063364,0.0011213960610822788,0.9743155517922665,0.26373626373626374,322.36842105263156
311,0.4535121266398799,0.0010975618601610135,0.9675347023058392,0.2923076923076923,319.07462686567163
328,0.2199496538703587,0.0012370126196558499,0.9430427350427351,0.378021978021978,308.22352941176473
345,0.8851091639637895,0.0021971444738443672,0.8309608540925267,0.4593406593406593,264.4901960784314
346,0.38507043617175774,0.0016450831926981282,0.8774682576754852,0.47912087912087914,278.4166666666667
370,0.846647625502251,0.002165586575445633,0.8714040266091018,0.4703296703296703,292.05
374,0.07522389504768359,0.0010723825904460599,0.971825121443442,0.26593406593406593,320.40983606557376
422,0.0,0.001049808770249002,0.9662288930581614,0.3230769230769231,325.5890410958904
424,0.23188749576414772,0.0015693600009793439,0.8783561452025064,0.5274725274725275,273.75206611570246
455,0.07506414290555259,0.0012628431047981227,0.934769833496572,0.3868131868131868,298.4886363636364
196,0.01830372270900905,0.0009357273038430746,0.9233966745843231,0.2571428571428571,307.40677966101697
212,0.05173064820641913,0.0011401222008470542,0.9362104353462245,0.3010989010989011,283.6142857142857
327,0.9158493488889964,0.001157844532928911,0.9417399804496579,0.22417582417582418,313.98039215686276
359,0.045088831872972836,0.0009299896857592487,0.9483122362869199,0.1934065934065934,304.53333333333336
111,0.08431040325313452,0.0016401172497466452,0.8522885982732351,0.5538461538461539,264.6507936507937
164,0.09908505591324974,0.0018427200512816503,0.8800059439780072,0.512087912087912,276.1880341880342
281,0.01337077019896403,0.0014488983347113464,0.8760961596613245,0.5076923076923077,272.0431034482759
117,0.9225444159364864,0.0017882162765813594,0.881916309330179,0.5736263736263736,267.46666666666664
258,0.34855012828581106,0.0010859504023636056,0.9227145847871598,0.23736263736263735,294.537037037037
303,0.07471559277726678,0.0010396523982864698,0.9182367579097049,0.23516483516483516,291.64814814814815
436,0.017272595246163525,0.0009559270381644247,0.9176514032496307,0.23076923076923078,294.0
30,0.5281018540930434,0.0011372465677765024,0.9091915836101883,0.13406593406593406,270.7
35,0.715287795904536,0.0013904259147761206,0.9242955064737243,0.35824175824175825,281.83116883116884
37,0.2589485404463378,0.0009611657655391334,0.9152843601895735,0.12967032967032968,279.0689655172414
62,0.6916686837391682,0.0015024259282434812,0.953067071115605,0.34065934065934067,295.86842105263156
89,0.9639347436704264,0.0032183881741523444,0.8389445557782231,0.3824175824175824,256.11764705882354
105,0.7656726533378515,0.001174409936513265,0.9129146919431279,0.12967032967032968,279.0344827586207
124,0.9615481434864694,0.004582288558929114,0.7806565582216988,0.5142857142857142,256.6373626373626
199,0.38865275693469525,0.0017619446832526724,0.8253081899182229,0.4,256.6373626373626
208,0.02252021106646657,0.0006709503195964394,0.9205776173285198,0.1054945054945055,195.27272727272728
209,0.3941375804811928,0.0018855082838653207,0.8252215150380632,0.3956043956043956,254.6629213483146
216,0.665764631843927,0.000931888291437485,0.9578101456554495,0.14065934065934066,327.03333333333336
218,0.5572348356489325,0.0009221213420905699,0.9035269709543569,0.13846153846153847,262.9032258064516
220,0.3956140775524035,0.0010161209182058153,0.9086378737541528,0.13406593406593406,270.7
283,0.9624872924432395,0.0015170392252958067,0.9024469291848971,0.24615384615384617,289.27777777777777
297,0.5102773878104274,0.001073485523190659,0.918197984588026,0.12967032967032968,282.55172413793105
300,0.7462361427119136,0.0010127101485768784,0.9595375722543352,0.18021978021978022,331.15384615384613
318,0.640281744687031,0.0011509749308919945,0.9309664694280079,0.2,319.69767441860466
322,0.9596020719368736,0.0033299166591690783,0.8228456913827655,0.3824175824175824,256.25882352941176
338,0.08732633005760758,0.0012881980471978296,0.9589575727055268,0.27912087912087913,302.6393442622951
386,0.7236772038534153,0.0012768254624836825,0.9475681269403242,0.16923076923076924,316.1794871794872
391,0.7707992448080553,0.0022106244467269896,0.8228456913827655,0.3824175824175824,256.25882352941176
399,0.09245776250181535,0.001334348677149697,0.9110401970663979,0.4175824175824176,283.87368421052633
426,0.5008374885026867,0.0008781042519319547,0.9173228346456693,0.1010989010989011,200.57142857142858
433,0.31904923270562036,0.0014825212302704556,0.9247938869897446,0.3120879120879121,291.0289855072464
439,0.001713704797405238,0.0012862008573262796,0.9575821845174973,0.31868131868131866,292.8857142857143
453,0.0,0.0012494409768693967,0.9561812233567959,0.3142857142857143,291.84057971014494
54,0.10817640509270464,0.0009938122221211528,0.937213819897322,0.26593406593406593,318.1475409836066
59,0.024016072033693176,0.0009745006188782258,0.9407854616416637,0.2835164835164835,315.33846153846156
83,0.022849397298736505,0.0009838868754422176,0.9522754732178816,0.2703296703296703,322.96774193548384
97,0.03292346420099724,0.0010099594837539192,0.9314663310258023,0.27912087912087913,309.390625
137,0.45881299317422664,0.0010026491075570652,0.9427550357374919,0.27472527472527475,314.63492063492066
198,0.6742653821948975,0.0010576432051619517,0.9331899984073897,0.24835164835164836,307.10526315789474
214,0.5685046231301738,0.0012354541983263505,0.9491466629665603,0.26593406593406593,321.73770491803276
255,0.004168078617417824,0.000967839778334783,0.9391592920353983,0.29010989010989013,313.2686567164179
341,0.003243452582659631,0.0009680473966375898,0.9382278784968183,0.2857142857142857,319.95522388059703
48,0.012712397734424166,0.0009064615981326107,0.9414587332053743,0.22637362637362637,323.3076923076923
120,0.0015636346032821802,0.0005710475118373185,0.9822741028966709,0.15164835164835164,354.3611111111111
135,0.2910877668586919,0.0007156153407142463,0.9659239842726082,0.0879120879120879,356.7
187,0.0,0.0005758745972134181,0.9821905609973286,0.14945054945054945,356.8857142857143
188,0.003819528489132013,0.0006965846773923359,0.9775601795185639,0.15604395604395604,346.47222222222223
226,0.01918477997773152,0.000837285683732491,0.9332208293153327,0.2021978021978022,318.30434782608694
254,0.0,0.0006336784489843622,0.9812917594654789,0.14945054945054945,353.9428571428571
332,0.039599167352471314,0.000701450471827976,0.9643705463182898,0.09230769230769231,357.5238095238095
387,0.022612189572541994,0.0007072872392982204,0.9643705463182898,0.09230769230769231,357.5238095238095
447,0.008297429442803891,0.0009963519847534653,0.9423455517015094,0.3230769230769231,309.3066666666667
375,0.49930289974342834,0.0010725910151768853,0.9365919724205861,0.2,311.4318181818182
141,0.09331461490051798,0.0009560773403332596,0.9184341859014348,0.17802197802197803,275.5952380952381
191,0.6286876119475238,0.0011701183605794365,0.9355582897569978,0.25274725274725274,318.49122807017545
287,0.0017330686934211163,0.0007793541160690241,0.8876972386587771,0.2,255.70212765957447
310,0.22397250326765744,0.001060890393314457,0.923969864698647,0.25274725274725274,309.3050847457627
148,0.783584257152539,0.0006949837062027967,0.775840597758406,0.09010989010989011,190.73684210526315
42,0.0017040228493972985,0.0004051631889697209,0.9444444444444444,0.03956043956043956,155.22222222222223
397,0.0004937793484048991,0.00039742574264969887,0.9453125,0.03736263736263736,174.55555555555554
58,0.027908215132884735,0.0006710211562664283,0.9174930583101943,0.15824175824175823,217.44444444444446
88,0.2879266108340998,0.0008014191491713252,0.8581201665675193,0.1824175824175824,205.46341463414635
343,0.25095125139178,0.00045719739675283903,0.9180327868852459,0.026373626373626374,234.4
454,0.017921285762695454,0.0004196310871007574,0.8472222222222222,0.02857142857142857,165.0
340,0.03139855738974681,0.0007274595602004625,0.9748520710059172,0.11648351648351649,266.74074074074076
446,0.006893546981652708,0.0006282342426742178,0.977810650887574,0.11648351648351649,266.55555555555554
177,0.004724790627874328,0.0007397971728844376,0.971945701357466,0.1054945054945055,350.4347826086956
205,0.709076826257443,0.0008041878231190515,0.9731136166522116,0.1076923076923077,348.125
225,0.0034758193348501717,0.0006991081874938693,0.9725897920604915,0.10329670329670329,350.4347826086956
